node_id,old_index
0,7076.0
1,9436.0
2,26239.0
3,18147.0
4,9364.0
5,7353.0
6,41.0
7,1868.0
8,82.0
9,85.0
10,9420.0
11,810.0
12,1106.0
13,22197.0
14,4539.0
15,1059.0
16,26090.0
17,15859.0
18,23762.0
19,2065.0
20,1733.0
21,431.0
22,251.0
23,9361.0
24,2.0
25,2320.0
26,22897.0
27,1706.0
28,111.0
29,5474.0
30,811.0
31,1677.0
32,12416.0
33,4374.0
34,859.0
35,24598.0
36,1478.0
37,24645.0
38,787.0
39,349.0
40,24538.0
41,6959.0
42,860.0
43,24023.0
44,58.0
45,4383.0
46,26539.0
47,6653.0
48,65.0
49,5439.0
50,543.0
51,6826.0
52,777.0
53,1002.0
54,4366.0
55,12395.0
56,24.0
57,522.0
58,5637.0
59,26116.0
60,6926.0
61,15334.0
62,26454.0
63,518.0
64,14026.0
65,5093.0
66,1849.0
67,586.0
68,21412.0
69,6805.0
70,351.0
71,1790.0
72,818.0
73,13987.0
74,1109.0
75,9330.0
76,15992.0
77,9316.0
78,24275.0
79,8112.0
80,1830.0
81,944.0
82,6006.0
83,1046.0
84,15567.0
85,11709.0
86,4553.0
87,4532.0
88,25386.0
89,549.0
90,1083.0
91,25071.0
92,4590.0
93,162.0
94,26470.0
95,15895.0
96,23419.0
97,7698.0
98,26629.0
99,265.0
100,343.0
101,12.0
102,15927.0
103,5950.0
104,9187.0
105,6729.0
106,24778.0
107,6177.0
108,1003.0
109,22579.0
110,12316.0
111,4362.0
112,25478.0
113,1620.0
114,11579.0
115,22505.0
116,1639.0
117,7765.0
118,26419.0
119,22191.0
120,12423.0
121,9311.0
122,6774.0
123,1817.0
124,22686.0
125,421.0
126,4364.0
127,9143.0
128,589.0
129,15197.0
130,23152.0
131,3867.0
132,105.0
133,390.0
134,26492.0
135,23845.0
136,43.0
137,169.0
138,64.0
139,8419.0
140,16017.0
141,595.0
142,26352.0
143,9548.0
144,9517.0
145,624.0
146,1088.0
147,718.0
148,785.0
149,769.0
150,876.0
151,5574.0
152,5904.0
153,5675.0
154,15470.0
155,25729.0
156,6085.0
157,923.0
158,9532.0
159,7794.0
160,6741.0
161,8431.0
162,7099.0
163,47.0
164,276.0
165,604.0
166,134.0
167,22694.0
168,5633.0
169,4524.0
170,16096.0
171,16074.0
172,17711.0
173,1039.0
174,12578.0
175,1044.0
176,23553.0
177,2262.0
178,5052.0
179,6747.0
180,9618.0
181,11477.0
182,477.0
183,12707.0
184,392.0
185,1121.0
186,1145.0
187,6700.0
188,2236.0
189,7075.0
190,5219.0
191,795.0
192,25644.0
193,9575.0
194,5086.0
195,5196.0
196,2144.0
197,2142.0
198,2255.0
199,12697.0
200,406.0
201,11834.0
202,2107.0
203,5429.0
204,618.0
205,1031.0
206,5636.0
207,1112.0
208,884.0
209,1098.0
210,6677.0
211,448.0
212,6685.0
213,1030.0
214,556.0
215,12712.0
216,655.0
217,2166.0
218,2131.0
219,90.0
220,1076.0
221,4475.0
222,23117.0
223,14.0
224,131.0
225,779.0
226,104.0
227,3665.0
228,79.0
229,25625.0
230,33.0
231,163.0
232,77.0
233,22231.0
234,22268.0
235,25868.0
236,22271.0
237,22245.0
238,2461.0
239,5460.0
240,5323.0
241,2257.0
242,26537.0
243,16246.0
244,12225.0
245,16286.0
246,24999.0
247,15898.0
248,6140.0
249,672.0
250,23098.0
251,7641.0
252,23645.0
253,1041.0
254,22241.0
255,812.0
256,16029.0
257,1086.0
258,2014.0
259,978.0
260,7786.0
261,5960.0
262,567.0
263,20909.0
264,1984.0
265,8512.0
266,23511.0
267,16080.0
268,139.0
269,2130.0
270,989.0
271,11503.0
272,22793.0
273,1148.0
274,1096.0
275,16092.0
276,22769.0
277,24926.0
278,4393.0
279,23288.0
280,17932.0
281,14197.0
282,11673.0
283,2132.0
284,22296.0
285,22350.0
286,9674.0
287,957.0
288,1001.0
289,5192.0
290,25814.0
291,26110.0
292,2170.0
293,22353.0
294,1069.0
295,540.0
296,356.0
297,16562.0
298,160.0
299,67.0
300,6002.0
301,23613.0
302,7263.0
303,4599.0
304,11846.0
305,12731.0
306,2399.0
307,26096.0
308,647.0
309,48.0
310,9658.0
311,11861.0
312,6070.0
313,11859.0
314,2300.0
315,5391.0
316,7105.0
317,11585.0
318,9716.0
319,6054.0
320,7950.0
321,369.0
322,6129.0
323,24003.0
324,428.0
325,2363.0
326,8559.0
327,2424.0
328,663.0
329,7738.0
330,2423.0
331,9772.0
332,631.0
333,472.0
334,36.0
335,119.0
336,750.0
337,12819.0
338,16244.0
339,23566.0
340,16269.0
341,11097.0
342,2288.0
343,2431.0
344,25849.0
345,1172.0
346,94.0
347,4674.0
348,496.0
349,84.0
350,9867.0
351,5718.0
352,11578.0
353,2422.0
354,7323.0
355,9768.0
356,11821.0
357,31.0
358,23877.0
359,992.0
360,14457.0
361,28.0
362,11632.0
363,49.0
364,4739.0
365,24571.0
366,2550.0
367,44.0
368,19064.0
369,9.0
370,25396.0
371,8315.0
372,1289.0
373,24686.0
374,2467.0
375,2559.0
376,5939.0
377,5200.0
378,4735.0
379,16398.0
380,9753.0
381,2458.0
382,422.0
383,7292.0
384,9940.0
385,1670.0
386,1220.0
387,2543.0
388,20856.0
389,24984.0
390,400.0
391,9921.0
392,15532.0
393,5650.0
394,1064.0
395,22367.0
396,6363.0
397,26279.0
398,5974.0
399,5541.0
400,10015.0
401,8000.0
402,5437.0
403,6778.0
404,512.0
405,597.0
406,7195.0
407,916.0
408,23087.0
409,6834.0
410,433.0
411,4598.0
412,14221.0
413,16177.0
414,23121.0
415,14259.0
416,2415.0
417,7015.0
418,22405.0
419,14350.0
420,8054.0
421,475.0
422,5985.0
423,9783.0
424,133.0
425,9809.0
426,22777.0
427,6733.0
428,23390.0
429,734.0
430,676.0
431,659.0
432,25233.0
433,15345.0
434,12774.0
435,9815.0
436,258.0
437,25717.0
438,12766.0
439,7646.0
440,12386.0
441,2479.0
442,9989.0
443,6112.0
444,5000.0
445,6344.0
446,38.0
447,22718.0
448,17885.0
449,755.0
450,22658.0
451,6394.0
452,23277.0
453,12999.0
454,7413.0
455,277.0
456,9965.0
457,124.0
458,5220.0
459,2606.0
460,2737.0
461,26433.0
462,11622.0
463,25466.0
464,24048.0
465,5691.0
466,4657.0
467,216.0
468,7648.0
469,25599.0
470,561.0
471,2632.0
472,26553.0
473,380.0
474,23367.0
475,455.0
476,4724.0
477,12368.0
478,2692.0
479,598.0
480,499.0
481,26031.0
482,22482.0
483,22235.0
484,2609.0
485,7129.0
486,6089.0
487,102.0
488,7482.0
489,2755.0
490,14463.0
491,12912.0
492,3960.0
493,24975.0
494,11909.0
495,18705.0
496,584.0
497,2663.0
498,2665.0
499,9986.0
500,688.0
501,24794.0
502,4698.0
503,8602.0
504,9978.0
505,26361.0
506,7888.0
507,585.0
508,359.0
509,72.0
510,4391.0
511,2342.0
512,14576.0
513,24214.0
514,11623.0
515,23368.0
516,847.0
517,16588.0
518,2676.0
519,5380.0
520,447.0
521,935.0
522,25212.0
523,2643.0
524,3.0
525,358.0
526,6371.0
527,12892.0
528,328.0
529,4794.0
530,444.0
531,290.0
532,346.0
533,12608.0
534,377.0
535,5626.0
536,26635.0
537,432.0
538,335.0
539,59.0
540,22504.0
541,6581.0
542,6395.0
543,331.0
544,11516.0
545,10129.0
546,2861.0
547,25443.0
548,8584.0
549,57.0
550,25959.0
551,2830.0
552,6710.0
553,25255.0
554,128.0
555,5203.0
556,13068.0
557,18800.0
558,793.0
559,13020.0
560,6146.0
561,1171.0
562,25568.0
563,11561.0
564,16374.0
565,5472.0
566,6605.0
567,12916.0
568,15781.0
569,9933.0
570,661.0
571,14424.0
572,317.0
573,253.0
574,1324.0
575,4613.0
576,22338.0
577,26048.0
578,9893.0
579,9987.0
580,23256.0
581,2478.0
582,15293.0
583,2637.0
584,867.0
585,362.0
586,6822.0
587,5456.0
588,844.0
589,2677.0
590,2673.0
591,684.0
592,10060.0
593,22553.0
594,12986.0
595,16492.0
596,26657.0
597,1184.0
598,97.0
599,26465.0
600,4689.0
601,22768.0
602,412.0
603,2804.0
604,1223.0
605,118.0
606,784.0
607,5908.0
608,5896.0
609,11634.0
610,2826.0
611,23312.0
612,26427.0
613,5523.0
614,573.0
615,19358.0
616,11659.0
617,873.0
618,6911.0
619,22587.0
620,10046.0
621,6967.0
622,2788.0
623,23757.0
624,878.0
625,14579.0
626,7200.0
627,528.0
628,25182.0
629,914.0
630,4683.0
631,4612.0
632,7212.0
633,23047.0
634,1288.0
635,2833.0
636,5202.0
637,11878.0
638,2785.0
639,7204.0
640,14564.0
641,10282.0
642,2858.0
643,2850.0
644,7958.0
645,544.0
646,464.0
647,2921.0
648,10247.0
649,10223.0
650,21587.0
651,1165.0
652,25112.0
653,3070.0
654,4019.0
655,413.0
656,14532.0
657,228.0
658,153.0
659,92.0
660,591.0
661,26321.0
662,14569.0
663,6065.0
664,1419.0
665,6798.0
666,3013.0
667,25527.0
668,26236.0
669,14625.0
670,22287.0
671,26228.0
672,23628.0
673,14674.0
674,557.0
675,14652.0
676,11429.0
677,14658.0
678,14603.0
679,14629.0
680,14709.0
681,8404.0
682,23913.0
683,23318.0
684,14669.0
685,14694.0
686,23822.0
687,14711.0
688,25394.0
689,14641.0
690,23565.0
691,14679.0
692,8758.0
693,284.0
694,17862.0
695,22211.0
696,26005.0
697,14695.0
698,17675.0
699,18703.0
700,6817.0
701,14601.0
702,26234.0
703,18183.0
704,14606.0
705,1028.0
706,26002.0
707,17818.0
708,18961.0
709,14693.0
710,22808.0
711,25763.0
712,14671.0
713,11499.0
714,24020.0
715,19038.0
716,16718.0
717,17698.0
718,26318.0
719,11487.0
720,12670.0
721,24081.0
722,14650.0
723,14675.0
724,21847.0
725,17687.0
726,17735.0
727,14688.0
728,6819.0
729,2639.0
730,7244.0
731,3835.0
732,16326.0
733,11469.0
734,781.0
735,4841.0
736,24293.0
737,21324.0
738,8366.0
739,5917.0
740,14664.0
741,26474.0
742,23960.0
743,14617.0
744,17741.0
745,23646.0
746,8412.0
747,6735.0
748,14663.0
749,15383.0
750,21808.0
751,14611.0
752,14703.0
753,16217.0
754,14698.0
755,4867.0
756,22249.0
757,24030.0
758,8378.0
759,22256.0
760,14607.0
761,6752.0
762,17843.0
763,11607.0
764,21493.0
765,21093.0
766,7977.0
767,14713.0
768,19084.0
769,14676.0
770,22266.0
771,25541.0
772,19060.0
773,12381.0
774,14613.0
775,14686.0
776,25195.0
777,14673.0
778,16174.0
779,21231.0
780,19896.0
781,3891.0
782,7497.0
783,11415.0
784,14702.0
785,14677.0
786,16163.0
787,75.0
788,11471.0
789,17652.0
790,25422.0
791,18916.0
792,14632.0
793,14631.0
794,14623.0
795,14667.0
796,7417.0
797,20805.0
798,11509.0
799,14689.0
800,14634.0
801,17752.0
802,22279.0
803,26475.0
804,26058.0
805,14696.0
806,22280.0
807,17669.0
808,14637.0
809,12374.0
810,14655.0
811,1067.0
812,21243.0
813,14619.0
814,23499.0
815,23518.0
816,14704.0
817,14697.0
818,3834.0
819,14700.0
820,25571.0
821,15449.0
822,14712.0
823,8299.0
824,22292.0
825,22242.0
826,23335.0
827,14612.0
828,12561.0
829,4018.0
830,22259.0
831,22282.0
832,23832.0
833,25777.0
834,4763.0
835,11404.0
836,7602.0
837,21134.0
838,12650.0
839,14602.0
840,14620.0
841,12652.0
842,26455.0
843,14600.0
844,11435.0
845,14615.0
846,11425.0
847,14707.0
848,14699.0
849,14610.0
850,12645.0
851,3007.0
852,10305.0
853,642.0
854,86.0
855,1417.0
856,602.0
857,25924.0
858,7226.0
859,826.0
860,25409.0
861,16882.0
862,18845.0
863,1518.0
864,1689.0
865,21010.0
866,16951.0
867,22340.0
868,11641.0
869,553.0
870,8807.0
871,5957.0
872,25630.0
873,2696.0
874,6780.0
875,6860.0
876,13264.0
877,15804.0
878,1344.0
879,307.0
880,4801.0
881,4855.0
882,21793.0
883,807.0
884,4832.0
885,5964.0
886,4817.0
887,641.0
888,23681.0
889,4807.0
890,98.0
891,2879.0
892,14557.0
893,5368.0
894,352.0
895,13018.0
896,922.0
897,2795.0
898,4851.0
899,22324.0
900,11566.0
901,2970.0
902,10289.0
903,7873.0
904,8363.0
905,327.0
906,373.0
907,19890.0
908,10292.0
909,26046.0
910,26028.0
911,7410.0
912,2959.0
913,14666.0
914,5818.0
915,546.0
916,80.0
917,26063.0
918,22939.0
919,17750.0
920,21391.0
921,8388.0
922,16792.0
923,19941.0
924,18994.0
925,4064.0
926,11424.0
927,11427.0
928,19848.0
929,21437.0
930,12024.0
931,19858.0
932,19008.0
933,7610.0
934,16880.0
935,25779.0
936,11447.0
937,11448.0
938,22545.0
939,578.0
940,24053.0
941,5897.0
942,96.0
943,484.0
944,8763.0
945,503.0
946,7982.0
947,5765.0
948,465.0
949,10390.0
950,16900.0
951,25928.0
952,984.0
953,954.0
954,16947.0
955,568.0
956,1743.0
957,4839.0
958,630.0
959,26569.0
960,16935.0
961,3098.0
962,25691.0
963,24953.0
964,16858.0
965,7943.0
966,905.0
967,334.0
968,6812.0
969,623.0
970,435.0
971,121.0
972,16912.0
973,24702.0
974,23648.0
975,25037.0
976,391.0
977,5216.0
978,10427.0
979,501.0
980,25908.0
981,6531.0
982,6734.0
983,4872.0
984,8753.0
985,1665.0
986,10470.0
987,5296.0
988,16551.0
989,22335.0
990,24771.0
991,112.0
992,4876.0
993,8365.0
994,22306.0
995,12295.0
996,7754.0
997,23989.0
998,8322.0
999,3420.0
1000,22647.0
1001,6488.0
1002,379.0
1003,25057.0
1004,24978.0
1005,11944.0
1006,7715.0
1007,3278.0
1008,110.0
1009,10449.0
1010,22359.0
1011,26523.0
1012,3265.0
1013,3405.0
1014,823.0
1015,10452.0
1016,3266.0
1017,24120.0
1018,10501.0
1019,11636.0
1020,10463.0
1021,814.0
1022,24332.0
1023,4868.0
1024,200.0
1025,23489.0
1026,7032.0
1027,3308.0
1028,12125.0
1029,23858.0
1030,3289.0
1031,669.0
1032,705.0
1033,1666.0
1034,3383.0
1035,1359.0
1036,20099.0
1037,7940.0
1038,22449.0
1039,17199.0
1040,24421.0
1041,5009.0
1042,6570.0
1043,5584.0
1044,10644.0
1045,14872.0
1046,17133.0
1047,14887.0
1048,611.0
1049,4899.0
1050,891.0
1051,21968.0
1052,1349.0
1053,4884.0
1054,5293.0
1055,171.0
1056,16938.0
1057,10478.0
1058,763.0
1059,3168.0
1060,7513.0
1061,6563.0
1062,5262.0
1063,12411.0
1064,1436.0
1065,537.0
1066,26175.0
1067,10490.0
1068,12455.0
1069,3093.0
1070,217.0
1071,852.0
1072,4772.0
1073,13136.0
1074,3314.0
1075,22636.0
1076,11969.0
1077,20114.0
1078,5877.0
1079,12006.0
1080,6743.0
1081,4780.0
1082,1157.0
1083,4864.0
1084,8724.0
1085,3387.0
1086,24374.0
1087,824.0
1088,892.0
1089,126.0
1090,8380.0
1091,19010.0
1092,26304.0
1093,772.0
1094,538.0
1095,8853.0
1096,23004.0
1097,871.0
1098,3508.0
1099,23597.0
1100,502.0
1101,22921.0
1102,14948.0
1103,677.0
1104,6704.0
1105,12122.0
1106,24406.0
1107,165.0
1108,420.0
1109,3457.0
1110,22329.0
1111,12064.0
1112,6966.0
1113,3453.0
1114,5881.0
1115,12151.0
1116,8829.0
1117,10590.0
1118,12421.0
1119,605.0
1120,7133.0
1121,7729.0
1122,24249.0
1123,17146.0
1124,8894.0
1125,3595.0
1126,3742.0
1127,3647.0
1128,81.0
1129,13857.0
1130,3681.0
1131,10770.0
1132,10794.0
1133,7730.0
1134,26612.0
1135,17122.0
1136,1150.0
1137,14986.0
1138,14989.0
1139,10777.0
1140,5525.0
1141,4776.0
1142,10745.0
1143,3660.0
1144,15318.0
1145,13526.0
1146,24861.0
1147,5036.0
1148,23790.0
1149,13453.0
1150,25910.0
1151,3775.0
1152,23959.0
1153,877.0
1154,13636.0
1155,24236.0
1156,14937.0
1157,3869.0
1158,6688.0
1159,109.0
1160,23059.0
1161,3896.0
1162,4939.0
1163,8536.0
1164,15789.0
1165,842.0
1166,3519.0
1167,10627.0
1168,223.0
1169,10687.0
1170,7576.0
1171,5805.0
1172,3586.0
1173,990.0
1174,23953.0
1175,5656.0
1176,275.0
1177,24852.0
1178,22994.0
1179,10671.0
1180,5028.0
1181,19037.0
1182,547.0
1183,22525.0
1184,3460.0
1185,5524.0
1186,23211.0
1187,344.0
1188,442.0
1189,3431.0
1190,10688.0
1191,579.0
1192,12119.0
1193,1369.0
1194,10673.0
1195,919.0
1196,17087.0
1197,973.0
1198,13531.0
1199,3432.0
1200,4361.0
1201,3629.0
1202,22336.0
1203,6007.0
1204,4947.0
1205,6491.0
1206,10779.0
1207,25124.0
1208,20190.0
1209,17801.0
1210,26156.0
1211,24385.0
1212,3740.0
1213,26597.0
1214,22416.0
1215,24679.0
1216,22301.0
1217,14987.0
1218,14873.0
1219,3801.0
1220,4986.0
1221,14893.0
1222,1531.0
1223,3765.0
1224,24709.0
1225,25451.0
1226,548.0
1227,25617.0
1228,26217.0
1229,25824.0
1230,10910.0
1231,5570.0
1232,18905.0
1233,20289.0
1234,6794.0
1235,10908.0
1236,4928.0
1237,4964.0
1238,9090.0
1239,23355.0
1240,5195.0
1241,3843.0
1242,5179.0
1243,6150.0
1244,5733.0
1245,8988.0
1246,5953.0
1247,22818.0
1248,15827.0
1249,3850.0
1250,5352.0
1251,12066.0
1252,363.0
1253,11108.0
1254,130.0
1255,4.0
1256,15247.0
1257,4048.0
1258,552.0
1259,7197.0
1260,3914.0
1261,11049.0
1262,17264.0
1263,17364.0
1264,485.0
1265,63.0
1266,560.0
1267,13603.0
1268,3964.0
1269,4045.0
1270,706.0
1271,10990.0
1272,3974.0
1273,91.0
1274,16354.0
1275,17839.0
1276,1681.0
1277,6756.0
1278,20333.0
1279,13708.0
1280,18534.0
1281,18935.0
1282,7844.0
1283,6013.0
1284,7759.0
1285,25103.0
1286,24309.0
1287,8251.0
1288,5571.0
1289,270.0
1290,24298.0
1291,11502.0
1292,1631.0
1293,26464.0
1294,15039.0
1295,3926.0
1296,747.0
1297,6090.0
1298,6130.0
1299,166.0
1300,434.0
1301,6049.0
1302,5625.0
1303,6640.0
1304,9079.0
1305,3938.0
1306,4038.0
1307,6890.0
1308,26463.0
1309,651.0
1310,26347.0
1311,13808.0
1312,7954.0
1313,6689.0
1314,6625.0
1315,295.0
1316,24804.0
1317,11619.0
1318,13655.0
1319,4021.0
1320,10938.0
1321,6679.0
1322,1074.0
1323,3884.0
1324,10783.0
1325,3773.0
1326,3808.0
1327,10916.0
1328,15019.0
1329,17325.0
1330,25687.0
1331,15137.0
1332,3813.0
1333,11071.0
1334,5898.0
1335,1570.0
1336,8984.0
1337,8497.0
1338,22323.0
1339,11080.0
1340,25018.0
1341,5154.0
1342,9076.0
1343,554.0
1344,5544.0
1345,22314.0
1346,6118.0
1347,1622.0
1348,23107.0
1349,5064.0
1350,863.0
1351,938.0
1352,1503.0
1353,23875.0
1354,1581.0
1355,6638.0
1356,426.0
1357,25400.0
1358,25078.0
1359,11189.0
1360,11248.0
1361,23171.0
1362,5551.0
1363,365.0
1364,5900.0
1365,25315.0
1366,5.0
1367,7634.0
1368,4089.0
1369,803.0
1370,6906.0
1371,915.0
1372,149.0
1373,26598.0
1374,5103.0
1375,4078.0
1376,17505.0
1377,13793.0
1378,644.0
1379,5150.0
1380,26061.0
1381,22750.0
1382,5617.0
1383,4173.0
1384,6691.0
1385,18817.0
1386,5060.0
1387,17552.0
1388,929.0
1389,921.0
1390,314.0
1391,298.0
1392,4216.0
1393,13819.0
1394,4290.0
1395,9172.0
1396,14931.0
1397,22348.0
1398,25265.0
1399,4264.0
1400,479.0
1401,120.0
1402,4310.0
1403,682.0
1404,4231.0
1405,386.0
1406,6927.0
1407,12192.0
1408,4271.0
1409,5194.0
1410,173.0
1411,25127.0
1412,22347.0
1413,11595.0
1414,5941.0
1415,9176.0
1416,23745.0
1417,5580.0
1418,15199.0
1419,15438.0
1420,15263.0
1421,26170.0
1422,13881.0
1423,530.0
1424,575.0
1425,4189.0
1426,11252.0
1427,4149.0
1428,6847.0
1429,7840.0
1430,632.0
1431,15561.0
1432,5197.0
1433,7026.0
1434,6893.0
1435,571.0
1436,851.0
1437,393.0
1438,15229.0
1439,5147.0
1440,12236.0
1441,7325.0
1442,13784.0
1443,18944.0
1444,4285.0
1445,22732.0
1446,22302.0
1447,5070.0
1448,11662.0
1449,13914.0
1450,408.0
1451,5605.0
1452,23421.0
1453,159.0
1454,22583.0
1455,7742.0
1456,22883.0
1457,15271.0
1458,6005.0
1459,25104.0
1460,4065.0
1461,18760.0
1462,620.0
1463,24346.0
1464,39.0
1465,22204.0
1466,364.0
1467,9088.0
1468,25140.0
1469,639.0
1470,1065.0
1471,18160.0
1472,1652.0
1473,6811.0
1474,1672.0
1475,95.0
1476,14008.0
1477,648.0
1478,20749.0
1479,4379.0
1480,12408.0
1481,24761.0
1482,25262.0
1483,4406.0
1484,13619.0
1485,1853.0
1486,52.0
1487,26259.0
1488,25343.0
1489,4390.0
1490,1037.0
1491,5980.0
1492,488.0
1493,1812.0
1494,7797.0
1495,25405.0
1496,4523.0
1497,24811.0
1498,15592.0
1499,13994.0
1500,11581.0
1501,12581.0
1502,3391.0
1503,2411.0
1504,7065.0
1505,3924.0
1506,4095.0
1507,6773.0
1508,2555.0
1509,3458.0
1510,5366.0
1511,4430.0
1512,4619.0
1513,4426.0
1514,654.0
1515,3305.0
1516,2873.0
1517,4842.0
1518,5921.0
1519,66.0
1520,388.0
1521,893.0
1522,1711.0
1523,2731.0
1524,5683.0
1525,2613.0
1526,2071.0
1527,5785.0
1528,5667.0
1529,506.0
1530,1752.0
1531,1358.0
1532,2634.0
1533,2977.0
1534,2913.0
1535,3363.0
1536,3966.0
1537,4865.0
1538,5393.0
1539,4604.0
1540,7131.0
1541,6203.0
1542,2975.0
1543,3089.0
1544,6106.0
1545,5991.0
1546,2653.0
1547,4906.0
1548,904.0
1549,2015.0
1550,348.0
1551,686.0
1552,1663.0
1553,2366.0
1554,2756.0
1555,4636.0
1556,1073.0
1557,5995.0
1558,3991.0
1559,7172.0
1560,4476.0
1561,4059.0
1562,3803.0
1563,5301.0
1564,2726.0
1565,3897.0
1566,6796.0
1567,6368.0
1568,1635.0
1569,2450.0
1570,5767.0
1571,3238.0
1572,912.0
1573,6840.0
1574,4141.0
1575,2329.0
1576,2728.0
1577,4183.0
1578,5082.0
1579,3395.0
1580,4187.0
1581,3103.0
1582,5394.0
1583,3339.0
1584,6052.0
1585,2720.0
1586,1550.0
1587,7148.0
1588,6662.0
1589,4106.0
1590,6258.0
1591,7050.0
1592,3232.0
1593,6206.0
1594,4401.0
1595,1714.0
1596,3303.0
1597,5899.0
1598,6623.0
1599,5348.0
1600,262.0
1601,1592.0
1602,2222.0
1603,3527.0
1604,4633.0
1605,5240.0
1606,6390.0
1607,6902.0
1608,6345.0
1609,2027.0
1610,817.0
1611,1163.0
1612,5132.0
1613,6296.0
1614,2233.0
1615,5180.0
1616,4905.0
1617,5104.0
1618,2504.0
1619,5465.0
1620,1978.0
1621,1468.0
1622,4132.0
1623,903.0
1624,3293.0
1625,2445.0
1626,665.0
1627,7124.0
1628,4728.0
1629,5077.0
1630,6450.0
1631,1492.0
1632,6556.0
1633,127.0
1634,6954.0
1635,2680.0
1636,6016.0
1637,5867.0
1638,3128.0
1639,6783.0
1640,3159.0
1641,6938.0
1642,3836.0
1643,6335.0
1644,3202.0
1645,1808.0
1646,5283.0
1647,3160.0
1648,2138.0
1649,3853.0
1650,4062.0
1651,6352.0
1652,6416.0
1653,1277.0
1654,3541.0
1655,1214.0
1656,2667.0
1657,4755.0
1658,950.0
1659,1221.0
1660,6449.0
1661,2196.0
1662,4797.0
1663,7071.0
1664,2188.0
1665,2267.0
1666,4153.0
1667,2807.0
1668,1642.0
1669,3362.0
1670,7070.0
1671,4267.0
1672,2111.0
1673,4875.0
1674,1891.0
1675,3221.0
1676,2618.0
1677,4241.0
1678,6141.0
1679,2522.0
1680,170.0
1681,4240.0
1682,4428.0
1683,5779.0
1684,2175.0
1685,2762.0
1686,6620.0
1687,5687.0
1688,936.0
1689,6173.0
1690,4952.0
1691,5080.0
1692,3571.0
1693,4050.0
1694,3858.0
1695,3840.0
1696,2957.0
1697,7064.0
1698,6586.0
1699,6617.0
1700,735.0
1701,2118.0
1702,3353.0
1703,3389.0
1704,3424.0
1705,3799.0
1706,4034.0
1707,7056.0
1708,4111.0
1709,6216.0
1710,6674.0
1711,834.0
1712,2440.0
1713,2427.0
1714,2630.0
1715,2942.0
1716,6595.0
1717,3465.0
1718,6655.0
1719,5089.0
1720,5237.0
1721,5252.0
1722,5373.0
1723,5756.0
1724,6789.0
1725,6916.0
1726,6127.0
1727,4946.0
1728,6468.0
1729,2023.0
1730,2120.0
1731,2577.0
1732,2391.0
1733,2353.0
1734,2893.0
1735,6009.0
1736,1326.0
1737,5316.0
1738,7014.0
1739,3307.0
1740,4775.0
1741,4759.0
1742,4478.0
1743,4424.0
1744,4228.0
1745,2967.0
1746,4861.0
1747,145.0
1748,4909.0
1749,4363.0
1750,4567.0
1751,3334.0
1752,6656.0
1753,6744.0
1754,1027.0
1755,5772.0
1756,305.0
1757,617.0
1758,689.0
1759,1014.0
1760,1416.0
1761,1832.0
1762,6880.0
1763,2532.0
1764,3934.0
1765,4605.0
1766,4959.0
1767,5378.0
1768,5493.0
1769,5528.0
1770,5685.0
1771,5776.0
1772,6475.0
1773,2482.0
1774,2421.0
1775,6513.0
1776,3057.0
1777,6650.0
1778,7112.0
1779,2037.0
1780,3352.0
1781,726.0
1782,1692.0
1783,3793.0
1784,1283.0
1785,6907.0
1786,3579.0
1787,5968.0
1788,1916.0
1789,2615.0
1790,2882.0
1791,2259.0
1792,6720.0
1793,4409.0
1794,6151.0
1795,4733.0
1796,3857.0
1797,6057.0
1798,805.0
1799,6557.0
1800,202.0
1801,6295.0
1802,164.0
1803,2963.0
1804,206.0
1805,4046.0
1806,2689.0
1807,1924.0
1808,6354.0
1809,4452.0
1810,5889.0
1811,3784.0
1812,4950.0
1813,2304.0
1814,2660.0
1815,6612.0
1816,3041.0
1817,4473.0
1818,5644.0
1819,5807.0
1820,773.0
1821,5621.0
1822,1226.0
1823,6239.0
1824,260.0
1825,2436.0
1826,6158.0
1827,287.0
1828,489.0
1829,5432.0
1830,6509.0
1831,2560.0
1832,3260.0
1833,5845.0
1834,2177.0
1835,6091.0
1836,2410.0
1837,2523.0
1838,2583.0
1839,2600.0
1840,3456.0
1841,4634.0
1842,6167.0
1843,5468.0
1844,5856.0
1845,5922.0
1846,418.0
1847,1339.0
1848,3591.0
1849,4180.0
1850,657.0
1851,804.0
1852,1301.0
1853,3237.0
1854,6202.0
1855,3606.0
1856,5711.0
1857,5386.0
1858,662.0
1859,1097.0
1860,1228.0
1861,1593.0
1862,6204.0
1863,4721.0
1864,6472.0
1865,6539.0
1866,494.0
1867,6680.0
1868,1804.0
1869,6301.0
1870,2358.0
1871,3167.0
1872,3814.0
1873,4798.0
1874,5021.0
1875,5157.0
1876,27.0
1877,3156.0
1878,3216.0
1879,3393.0
1880,5730.0
1881,1632.0
1882,2475.0
1883,3145.0
1884,4121.0
1885,4453.0
1886,5494.0
1887,3142.0
1888,3662.0
1889,2417.0
1890,5232.0
1891,6722.0
1892,5370.0
1893,2911.0
1894,6666.0
1895,6370.0
1896,6731.0
1897,4316.0
1898,6014.0
1899,813.0
1900,4043.0
1901,4255.0
1902,1175.0
1903,7053.0
1904,4295.0
1905,4732.0
1906,2787.0
1907,3994.0
1908,509.0
1909,5577.0
1910,7096.0
1911,3304.0
1912,4373.0
1913,7175.0
1914,5707.0
1915,1740.0
1916,709.0
1917,6447.0
1918,7090.0
1919,5295.0
1920,2920.0
1921,4694.0
1922,4742.0
1923,5369.0
1924,4791.0
1925,4708.0
1926,5387.0
1927,6260.0
1928,5829.0
1929,1400.0
1930,5266.0
1931,650.0
1932,5888.0
1933,3760.0
1934,5120.0
1935,2741.0
1936,5808.0
1937,830.0
1938,1805.0
1939,337.0
1940,3807.0
1941,4039.0
1942,6285.0
1943,7137.0
1944,4888.0
1945,4893.0
1946,6092.0
1947,336.0
1948,7019.0
1949,588.0
1950,6030.0
1951,1838.0
1952,1874.0
1953,3076.0
1954,3004.0
1955,3040.0
1956,3382.0
1957,3570.0
1958,4471.0
1959,5205.0
1960,5794.0
1961,5773.0
1962,254.0
1963,230.0
1964,7115.0
1965,988.0
1966,6392.0
1967,6684.0
1968,7051.0
1969,5087.0
1970,182.0
1971,6521.0
1972,976.0
1973,1395.0
1974,1668.0
1975,1967.0
1976,2067.0
1977,3952.0
1978,4353.0
1979,5106.0
1980,2119.0
1981,4852.0
1982,6887.0
1983,6608.0
1984,6017.0
1985,1713.0
1986,3263.0
1987,4792.0
1988,3874.0
1989,7202.0
1990,1173.0
1991,5124.0
1992,3249.0
1993,6326.0
1994,4625.0
1995,423.0
1996,6932.0
1997,4330.0
1998,3841.0
1999,197.0
2000,5993.0
2001,2405.0
2002,6942.0
2003,2077.0
2004,438.0
2005,2626.0
2006,6230.0
2007,843.0
2008,6105.0
2009,195.0
2010,6561.0
2011,5312.0
2012,4768.0
2013,5815.0
2014,4692.0
2015,5314.0
2016,5334.0
2017,5290.0
2018,4862.0
2019,4873.0
2020,5297.0
2021,5164.0
2022,4462.0
2023,3090.0
2024,3852.0
2025,4029.0
2026,4795.0
2027,6668.0
2028,2083.0
2029,4925.0
2030,2066.0
2031,1634.0
2032,6585.0
2033,374.0
2034,1803.0
2035,3011.0
2036,3437.0
2037,6169.0
2038,714.0
2039,1720.0
2040,6369.0
2041,3301.0
2042,2534.0
2043,5247.0
2044,2181.0
2045,4664.0
2046,354.0
2047,4288.0
2048,1888.0
2049,3949.0
2050,1950.0
2051,1232.0
2052,5435.0
2053,752.0
2054,1286.0
2055,1170.0
2056,4212.0
2057,5746.0
2058,2716.0
2059,1994.0
2060,4134.0
2061,5847.0
2062,7101.0
